cluster,n,region,regions_all,date_BP_median,date_BP_min,date_BP_max,lat,lon,top_cultures,dominant_Y_hg,dominant_mt_hg,climate
2,5850,Europe,Europe (5787); North Africa (63),1250,123,3151,48.58,13.77,Austria_Avar (714); Belgium_HighMedieval (183); England_Cambridgeshire_Medieval (148),n/ (2622); R1 (1213); I1 (276),H1 (618); U5 (330); T2 (306),Late Holocene (post-4.2ka) (5850)
3,2789,Europe,Europe (2705); North Africa (41); Central Asia / Steppe (26),4472,2900,6091,48.3,13.45,Czechia_EBA_Unetice (113); Spain_C (108); Sweden_N (75),n/ (1147); R1 (619); I2 (535),U5 (382); K1 (331); H1 (222),Mid-Holocene (Holocene Climatic Optimum / 8.2ka aftermath) (1707); Late Holocene (post-4.2ka) (1082)
4,1249,Europe,Europe (1249),6750,5785,8156,47.82,18.92,France_Yonne_N (105); Austria_N_LBK (103); Romania_C_Bodrogkeresztur (77),n/ (594); G2 (251); I2 (140),K1 (194); T2 (160); J1 (98),Mid-Holocene (Holocene Climatic Optimum / 8.2ka aftermath) (1249)
35,234,Europe,Europe (146); Near East / SW Asia (88),3026,2401,3562,40.4,44.83,Armenia_Karashamb_LBA_EIA (21); Iran_Hasanlu_IA (20); Armenia_Lchashen_LBA (15),n/ (97); R1 (56); I2 (27),K1 (22); T2 (20); J1 (16),Late Holocene (post-4.2ka) (234)
10,161,Europe,Europe (72); Near East / SW Asia (66); North Africa (23),3583,3095,4275,32.7,35.56,Israel_MLBA (48); Turkey_MLBA (38); Jordan_LBA (20),n/ (74); J1 (38); J2 (16),U3 (13); N1 (11); T2 (10),Late Holocene (post-4.2ka) (159); Mid-Holocene (Holocene Climatic Optimum / 8.2ka aftermath) (2)
81,152,Americas,Americas (152),850,464,1367,18.45,-69.41,DominicanRepublic_Ceramic (92); DominicanRepublic_LateCeramic (24); PuertoRico_Ceramic (22),Q1 (80); n/ (69); Q (2),C1 (64); A2 (61); D1 (10),Late Holocene (post-4.2ka) (152)
46,149,Central Asia / Steppe,Central Asia / Steppe (149),6951,6263,7544,53.09,49.47,Russia_Saratov_Eneolithic_Khvalynsk (47); Russia_Samara_Eneolithic_Ekaterinovka (42); Russia_Tatarstan_Eneolithic (26),R1 (53); n/ (51); Q1 (27),U5 (58); U4 (35); U2 (21),Mid-Holocene (Holocene Climatic Optimum / 8.2ka aftermath) (149)
29,148,Europe,Europe (148),7167,6017,7650,48.2,35.09,Ukraine_N (35); Ukraine_Kirovohrad_N (27); Ukraine_Zaporizhia_N (20),I2 (65); n/ (36); R1 (28),U5 (52); U4 (43); T2 (10),Mid-Holocene (Holocene Climatic Optimum / 8.2ka aftermath) (148)
5,138,Europe,Europe (138),3994,3569,4384,52.22,-1.41,England_EBA_C (34); England_BellBeaker (28); Netherlands_LNB_BellBeaker (14),R1 (69); n/ (63); I2 (4),K1 (24); U5 (22); T2 (22),Late Holocene (post-4.2ka) (114); Mid-Holocene (Holocene Climatic Optimum / 8.2ka aftermath) (24)
178,137,Americas,Americas (137),584,375,1153,-30.77,-63.39,Argentina_SantiagodelEstero_400BP (36); Argentina_Cordoba_700BP (28); Argentina_Cordoba_600BP (15),Q1 (74); n/ (48); F (2),C1 (41); B2 (24); A2 (24),Late Holocene (post-4.2ka) (137)
114,125,Central Asia / Steppe,Central Asia / Steppe (125),2248,1976,2654,43.6,82.51,Kyrgyzstan_TianShan_Saka (9); Kyrgyzstan_IA_Saka (7); China_Xinjiang_Kuokesuxi_EIA (6),R1 (44); n/ (44); Q1 (8),C4 (18); D4 (13); U5 (11),Late Holocene (post-4.2ka) (125)
196,124,SE Asia / Oceania,SE Asia / Oceania (124),520,318,708,13.52,144.81,Guam_Latte (74); USA_NorthernMariana_Latte_Chamoru (44); Guam_LateLattePeriod (4),O2 (57); n/ (54); S (3),E2 (101); E1 (22); B4 (1),Late Holocene (post-4.2ka) (124)
20,120,Europe,Europe (105); North Africa (15),2300,1947,2599,42.13,3.09,Spain_LateArchaic_Classical_Hellenistic (23); Spain_IA (16); Spain_LatePunic (11),n/ (51); R1 (40); E1 (6),H1 (29); HV (13); H3 (12),Late Holocene (post-4.2ka) (120)
169,119,Europe,Europe (119),8500,8099,8838,37.67,32.83,Turkey_Catalhoyuk_MN (46); Turkey_Catalhoyuk_LN (32); Turkey_Catalhoyuk_EN (17),C1 (13); J2 (10); n/ (9),K1 (8); N1 (3); T2 (2),Early Holocene (rapid warming) (118); Mid-Holocene (Holocene Climatic Optimum / 8.2ka aftermath) (1)
51,118,Central Asia / Steppe,Central Asia / Steppe (118),3765,3411,3943,52.82,60.13,Russia_Chelyabinsk_MLBA_Sintashta (43); Russia_Chelyabinsk_BA (31); Russia_Bashkortostan_LBA (13),n/ (54); R1 (43); Q1 (18),U5 (20); U2 (15); H1 (10),Late Holocene (post-4.2ka) (118)
43,100,South Asia,South Asia (100),2850,2725,3128,34.75,72.35,Pakistan_IA (97); Pakistan_IA-o (2); Pakistan_ProtohistoricGraves (1),n/ (46); L1 (12); R2 (9),U2 (12); M3 (7); HV (7),Late Holocene (post-4.2ka) (100)
13,97,Europe,Europe (97),3224,2789,3563,52.12,-0.34,England_MBA (31); England_LBA (23); Netherlands_MBA (12),n/ (56); R1 (35); BT (2),U5 (18); H1 (15); H3 (8),Late Holocene (post-4.2ka) (97)
50,94,Central Asia / Steppe,Central Asia / Steppe (94),4850,4518,5165,53.04,50.98,Russia_Samara_EBA_Yamnaya (46); Russia_Orenburg_EBA_Yamnaya (16); Kazakhstan_KumsayKyrykOba_EBA_Yamnaya (11),R1 (63); n/ (27); Q1 (3),U5 (16); U4 (14); H1 (9),Mid-Holocene (Holocene Climatic Optimum / 8.2ka aftermath) (94)
205,89,Americas,Americas (89),1075,858,1327,20.68,-88.57,Mexico_LateClassic (89),Q1 (61); F (6); Q (6),A2 (51); C1 (8); B2 (7),Late Holocene (post-4.2ka) (89)
198,84,Europe,Europe (84),550,146,625,56.47,10.1,Denmark_Medieval (50); Denmark_EarlyModern (17); Sweden_PostMedieval (12),n/ (32); R1 (23); I1 (17),H1 (14); U5 (9); T2 (9),Late Holocene (post-4.2ka) (84)
54,77,Africa,Africa (77),428,73,800,-3.95,39.76,Kenya_Medieval_Swahili (48); Kenya_Swahili (22); Kenya_400BP (2),n/ (36); E1 (12); J1 (11),L3 (29); L0 (17); L2 (12),Late Holocene (post-4.2ka) (77)
48,69,Europe,Europe (69),2400,2176,2650,49.41,33.49,Ukraine_LIA_Scythian (21); Moldova_Scythian (7); Ukraine_MIA_Scythian (7),n/ (22); R1 (10); R1a1 (8),U5 (10); T2 (7); H6 (5),Late Holocene (post-4.2ka) (69)
25,66,Other,Other (61); Siberia / North Asia (5),4637,3959,4937,54.36,90.8,Russia_Khakassia_Afanasievo (27); Russia_BA_Okunevo (19); Russia_KrasnoyarskKrai_EMBA_Samuskaya (3),n/ (27); Q1 (23); R1 (11),U5 (18); H6 (8); A8 (7),Mid-Holocene (Holocene Climatic Optimum / 8.2ka aftermath) (54); Late Holocene (post-4.2ka) (12)
47,66,North Africa,North Africa (66),1100,990,1239,21.07,30.66,Sudan_KulubnartiS_Christian (22); Sudan_Kulubnarti21S46_KulubnartiS_Christian (14); Sudan_Kulubnarti21R2_KulubnartiR_Christian (12),n/ (36); E1 (16); J2 (3),L2 (16); H2 (14); U5 (10),Late Holocene (post-4.2ka) (66)
9,65,Europe,Europe (65),5628,5523,5832,48.79,25.87,Ukraine_Ternopil_Eneolithic_Trypillia (19); Ukraine_Eneolithic_Trypillia (17); Ukraine_Eneolithic_C_Usatove (6),n/ (22); G2 (17); I2 (10),J1 (11); T2 (11); U5 (9),Mid-Holocene (Holocene Climatic Optimum / 8.2ka aftermath) (65)
117,62,East Asia,East Asia (62),2000,1800,2176,48.59,102.36,Russia_Buryatia_XiongnuPeriod (7); Mongolia_Khovsgol_XiongnuPeriod-2 (6); Mongolia_Khovsgol_XiongnuPeriod-1 (5),n/ (28); R1 (13); Q1 (7),D4 (9); C4 (7); G2 (5),Late Holocene (post-4.2ka) (62)
74,61,Central Asia / Steppe,Central Asia / Steppe (57); Other (4),950,597,1250,54.95,52.73,Russia_Bashkortostan_Medieval_LateChiyalik (9); Russia_Udmurtia_Medieval_LateChiyalik (9); Russia_Samara_Khazar (8),n/ (26); R1 (18); N1 (6),D4 (6); T1 (5); U4 (5),Late Holocene (post-4.2ka) (61)
123,60,East Asia,East Asia (60),700,540,850,47.86,106.16,Mongolia_Sukhbaatar_LateMedieval (10); Mongolia_Dornod_LateMedieval (8); Mongolia_Khentii_LateMedieval (7),n/ (24); C2 (15); N1 (5),D4 (15); F1 (7); G2 (3),Late Holocene (post-4.2ka) (60)
0,60,North Africa,North Africa (43); Europe (17),4050,3768,4581,35.18,25.44,Greece_Crete_HgCharalambos_EMBA (34); Greece_NeaStyra_EBA (6); Greece_PerachoraCave_EBA (5),n/ (25); J2 (16); J1 (9),H (8); T2 (5); HV (5),Late Holocene (post-4.2ka) (41); Mid-Holocene (Holocene Climatic Optimum / 8.2ka aftermath) (19)
15,56,Americas,Americas (56),764,300,1209,34.02,-119.83,USA_California_600BP (11); USA_California_800BP (8); USA_900BP (7),n/ (32); Q1 (22); P1 (1),A2 (21); C1 (12); R (5),Late Holocene (post-4.2ka) (56)
65,55,East Asia,East Asia (55),4411,3931,4931,53.04,104.25,Russia_Irkutsk_EBA (29); Russia_Irkutsk_N_Angara (9); Russia_Irkutsk_N (3),Q1 (23); n/ (21); C2 (7),C4 (26); D4 (9); F1 (9),Mid-Holocene (Holocene Climatic Optimum / 8.2ka aftermath) (37); Late Holocene (post-4.2ka) (18)
56,52,Europe,Europe (52),8252,7870,8316,40.3,29.61,Turkey_N (52),n/ (19); G2 (18); J2 (3),K1 (18); N1 (9); T2 (5),Early Holocene (rapid warming) (31); Mid-Holocene (Holocene Climatic Optimum / 8.2ka aftermath) (21)
24,49,East Asia,East Asia (34); Central Asia / Steppe (11); Other (4),2225,2100,2371,50.0,92.03,Mongolia_EIA_Sagly-4 (16); Russia_Aymyrlyg_IA_Saka (6); Russia_Aymyrlyg_IA_Hun (6),n/ (13); R1 (12); Q1 (11),D4 (6); C4 (4); F1 (3),Late Holocene (post-4.2ka) (49)
221,49,East Asia,East Asia (49),1700,1698,2151,24.7,103.0,China_Roman_LateAntiquity (30); China_Roman (13); China_MBA (4),O1 (14); O2 (3); N1 (3),—,Late Holocene (post-4.2ka) (49)
101,49,Europe,Europe (48); North Africa (1),1200,1000,1250,42.68,-2.63,Spain_LateAntiquity_Christian (30); Portugal_LateRoman (3); Portugal_EarlyMedieval (3),R1 (20); n/ (13); CT (2),H1 (1); V+ (1),Late Holocene (post-4.2ka) (49)
6,48,Near East / SW Asia,Near East / SW Asia (48),4005,3750,4254,38.21,62.03,Turkmenistan_BA1-1 (34); Turkmenistan_BA-1 (4); Turkmenistan_BA2-2 (3),n/ (29); F (3); J (2),HV (10); U7 (5); T2 (4),Late Holocene (post-4.2ka) (45); Mid-Holocene (Holocene Climatic Optimum / 8.2ka aftermath) (3)
30,47,Europe,Europe (47),4145,3600,4415,40.79,8.6,Italy_Sardinia_EBA (20); Italy_Sardinia_LateC (5); Italy_Lazio_BA (4),n/ (18); I2 (12); G2 (7),H1 (7); J2 (7); J1 (6),Late Holocene (post-4.2ka) (34); Mid-Holocene (Holocene Climatic Optimum / 8.2ka aftermath) (13)
14,47,Americas,Americas (47),614,388,1060,-13.48,-75.66,Peru_ChinchaValley_LateHorizon (11); Peru_900BP (5); Peru_LIP_600BP_LaGalgada (4),Q1 (21); n/ (20); F (2),B2 (9); C1 (8); R (6),Late Holocene (post-4.2ka) (47)
37,47,Other,Other (45); Central Asia / Steppe (2),3642,3369,3925,37.67,67.0,Uzbekistan_BA (28); Uzbekistan_BA1-1 (9); Tajikistan_BA (3),n/ (23); J2 (8); R2 (4),HV (7); J1 (6); T2 (4),Late Holocene (post-4.2ka) (47)
27,46,East Asia,East Asia (46),1550,1409,1857,24.33,121.77,Taiwan_IA (45); Taiwan_Gongguan (1),n/ (23); O1 (10); O2 (6),E1 (10); F3 (7); R (6),Late Holocene (post-4.2ka) (46)
181,44,Europe,Europe (44),625,603,659,50.98,11.03,Germany_Medieval_Jewish-lowEastEU (19); Germany_Medieval_Jewish-highEastEU (17); Germany_Medieval_Jewish (8),n/ (29); R1 (4); J2 (3),K1 (17); H1 (4); U1 (3),Late Holocene (post-4.2ka) (44)
218,44,Europe,Europe (44),750,600,850,38.66,-8.02,Portugal_KingdomOfPortugal (18); Portugal_BA (13); Portugal_Islamic (6),R1 (12); E1 (4); J2 (4),H3 (2),Late Holocene (post-4.2ka) (44)
64,44,Europe,Europe (44),4500,4300,4698,57.44,39.67,Russia_Yaroslavl_EMBA (13); Russia_Ivanovo_BA (9); Russia_Yaroslav_EMBA (7),n/ (21); R1 (18),U5 (7); n/ (7); T2 (6),Mid-Holocene (Holocene Climatic Optimum / 8.2ka aftermath) (44)
111,44,Central Asia / Steppe,Central Asia / Steppe (44),1636,1354,1802,41.5,75.16,Kyrgyzstan_TianShan_Kenkol (18); Kazakhstan_Kangju (5); Kyrgyzstan_Osh_IA (5),n/ (15); R1 (10); Q1 (9),C4 (5); U5 (4); F1 (3),Late Holocene (post-4.2ka) (44)
141,43,Europe,Europe (43),1000,825,1025,65.61,-17.16,Iceland_Viking (18); Iceland_Christian (17); Iceland_PreChristian (7),n/ (14); R1 (13); I1 (4),J1 (6); H1 (6); H3 (6),Late Holocene (post-4.2ka) (43)
69,43,Europe,Europe (43),5260,5159,5538,40.02,35.87,Turkey_C (41); Turkey_C-1 (1); Turkey_EBA (1),n/ (23); G2 (9); J2 (4),K1 (11); T2 (3); N1 (3),Mid-Holocene (Holocene Climatic Optimum / 8.2ka aftermath) (43)
31,41,Central Asia / Steppe,Central Asia / Steppe (41),3631,3343,3796,48.74,77.0,Kazakhstan_MLBA (21); Kazakhstan_MLBA_Alakul (8); Kazakhstan_MLBA_Fedorovo (2),R1 (20); n/ (19),U5 (7); T1 (7); U2 (4),Late Holocene (post-4.2ka) (41)
147,41,Europe,Europe (41),2633,2222,3130,59.43,24.9,Estonia_LBA_StoneCistGraves (19); Latvia_LBA_FlatGraves (11); Estonia_EIA_TarandGraves (8),R1 (20); n/ (8); CT (2),U5 (4); H1 (3); T1 (2),Late Holocene (post-4.2ka) (41)
86,39,Europe,Europe (39),5811,5422,6283,56.78,40.45,Russia_Eneolithic_Volosovo-Dup (18); Russia_Eneolithic_Volosovo (12); Russia_Ivanovo_Eneolithic_Volosovo (3),R1 (20); n/ (8); I2 (7),U5 (28); U2 (7); U4 (2),Mid-Holocene (Holocene Climatic Optimum / 8.2ka aftermath) (39)
195,38,Near East / SW Asia,Near East / SW Asia (38),952,782,1297,12.51,54.43,Yemen_Medieval_Soqotri (38),n/ (20); J2 (15); IJ (1),I5 (7); J1 (6); R0 (5),Late Holocene (post-4.2ka) (38)
151,37,Americas,Americas (37),750,588,1073,24.91,-76.7,Bahamas_Eleuthera_Ceramic (13); Bahamas_Andros_Ceramic (10); Bahamas_Abaco_Ceramic (4),n/ (20); Q1 (15); IJ (1),C1 (14); B2 (12); A2 (4),Late Holocene (post-4.2ka) (37)
7,36,Central Asia / Steppe,Central Asia / Steppe (25); Other (11),3543,3285,3628,55.19,89.31,Russia_KrasnoyarskKrai_MLBA (21); Russia_KrasnoyarskKrai_MLBA_Andronovo (4); Russia_Karasuk (3),R1 (19); n/ (15); Q1 (2),U5 (6); U4 (6); T1 (4),Late Holocene (post-4.2ka) (36)
146,36,East Asia,East Asia (36),1625,1535,1698,19.6,98.25,Thailand_IA_LogCoffin (32); Thailand_IA (4),n/ (18); O1 (6); N1 (5),F1 (13); G2 (4); M7 (4),Late Holocene (post-4.2ka) (36)
8,35,Central Asia / Steppe,Central Asia / Steppe (35),4902,4822,5134,50.76,85.56,Russia_Altai_Afanasievo (19); Russia_Altai_Eneolithic_Afanasievo (6); Russia_GornoAltaisk_Afanasievo (3),R1 (24); n/ (9); C2 (2),T2 (13); U4 (6); U5 (5),Mid-Holocene (Holocene Climatic Optimum / 8.2ka aftermath) (35)
113,35,Central Asia / Steppe,Central Asia / Steppe (35),2575,2475,2704,49.12,75.36,Kazakhstan_EIA_Tasmola (19); Kazakhstan_Saka (5); Kazakhstan_IA_Tasmola_Saka (3),n/ (15); R1 (15); Q1 (2),U5 (5); C4 (4); H1 (4),Late Holocene (post-4.2ka) (35)
143,35,Europe,Europe (35),900,602,1050,58.78,32.3,Russia_Viking (15); Russia_Ivanovo_Medieval (6); Russia_Ivanovo_EarlyMedieval (4),I1 (8); n/ (8); R1 (8),n/ (12); J1 (3); T2 (3),Late Holocene (post-4.2ka) (35)
217,34,SE Asia / Oceania,SE Asia / Oceania (34),415,140,520,-9.24,147.03,PapuaNewGuinea_Nebira_LateMedieval (16); PapuaNewGuinea_Nebira_EarlyModern (7); PapuaNewGuinea_Eriama_EarlyModern (4),—,—,Late Holocene (post-4.2ka) (34)
224,34,East Asia,East Asia (34),4559,4559,4559,40.16,114.49,China_LN_Xiaoheyan (34),N1 (11); N (4); C2 (2),—,Mid-Holocene (Holocene Climatic Optimum / 8.2ka aftermath) (34)
155,34,East Asia,East Asia (34),6950,6927,6950,32.69,112.13,China_Baligang_LN_Yangshao (32); China_Henan_Xiaowusite_MN (1); China_Baligang_LN_Shijiahe (1),O2 (5),D4 (1),Mid-Holocene (Holocene Climatic Optimum / 8.2ka aftermath) (34)
153,33,East Asia,East Asia (33),3981,3700,4300,33.99,113.31,Henan_Wadian (7); Henan_Wangchenggang (7); China_Baligang_LN_Longshan (6),n/ (12); O2 (9); K (1),D4 (5); F2 (1); D5 (1),Late Holocene (post-4.2ka) (22); Mid-Holocene (Holocene Climatic Optimum / 8.2ka aftermath) (11)
75,33,East Asia,East Asia (33),3173,2880,3389,49.66,99.77,Mongolia_Khovsgol_LBA-6 (20); Mongolia_CenterWest_LBA-4 (7); Mongolia_MLBA (2),Q1 (16); n/ (12); N (2),C4 (7); D4 (5); A+ (3),Late Holocene (post-4.2ka) (33)
94,33,Europe,Europe (33),8264,7977,8540,61.94,35.26,Russia_Karelia_Mesolithic (15); Russia_Vologda_Mesolithic (12); Russia_Karelia_Mesolithic_HG (5),n/ (13); R1 (11); Q1 (3),U5 (11); U4 (9); U2 (4),Early Holocene (rapid warming) (19); Mid-Holocene (Holocene Climatic Optimum / 8.2ka aftermath) (14)
59,31,East Asia,East Asia (30); Siberia / North Asia (1),7701,7377,7944,52.05,104.25,Russia_Buryatia_N (8); Russia_Irkutsk_EN (7); Mongolia_N (6),n/ (9); N1 (7); Q1 (7),C4 (10); D4 (7); F1 (5),Mid-Holocene (Holocene Climatic Optimum / 8.2ka aftermath) (31)
28,31,Europe,Europe (31),3123,2907,3404,39.68,9.43,Italy_Sardinia_BA_Nuragic_Nuragic (10); Italy_Sardinia_LBA (7); Italy_Sicily_LBA (4),n/ (12); G2 (6); R1 (5),T2 (5); J1 (4); K1 (4),Late Holocene (post-4.2ka) (31)
105,31,Europe,Europe (31),3200,3123,3510,53.74,13.31,Germany_Tollensebattlefield_BA (17); Denmark_EBA (4); Sweden_BA (3),R1 (9); I2 (6); I1 (5),T2 (4); J1 (3); U2 (2),Late Holocene (post-4.2ka) (31)
168,31,South Asia,South Asia (31),2150,2150,2345,32.39,80.03,China_Tibet_Sangdalongguo_IA (17); China_Tibet_Qulongsazha_IA (7); China_Tibet_Piyangjiweng (6),n/ (12); N1 (8); O2 (4),n/ (6); M9 (4); M6 (3),Late Holocene (post-4.2ka) (31)
222,31,East Asia,East Asia (31),2300,2180,2580,27.27,100.25,China_IA_Hellenistic (17); China_IA (13); China_Yunnan_Jicha_BA (1),O2 (8); D1 (4); C2 (2),—,Late Holocene (post-4.2ka) (31)
211,30,East Asia,East Asia (30),5300,5300,5535,36.36,120.44,China_Qingdao_BeiQian_Dawenkou (28); China_BeiQian_Longshan (1); China_Dongying_FuJia_Dawenkou (1),n/ (28),—,Mid-Holocene (Holocene Climatic Optimum / 8.2ka aftermath) (30)
88,30,Near East / SW Asia,Near East / SW Asia (30),5050,4850,5174,37.19,61.03,Turkmenistan_C (28); Turkmenistan_C-1 (1); Turkmenistan_C-o (1),n/ (18); J1 (6); J2 (4),I1 (5); J1 (5); HV (4),Mid-Holocene (Holocene Climatic Optimum / 8.2ka aftermath) (30)
77,30,Central Asia / Steppe,Central Asia / Steppe (25); Siberia / North Asia (5),3909,3777,4108,55.03,73.57,Russia_Rostovka_EMBA_Irtysh_SeimaTurbino (9); Russia_Omsk_EBA_Okunevsky (5); Russia_Omsk_EMBA_Irtysh_SeimaTurbino-2 (4),n/ (17); R1 (4); Q1 (3),R1 (5); U2 (3); C4 (3),Late Holocene (post-4.2ka) (30)
82,29,Americas,Americas (29),125,125,138,39.58,-77.43,USA_Maryland_Historic_AfricanAmerican (26); USA_Maryland_Historic_AfricanAmerican-oHighEuropean (2); USA_Maryland_Historic_African_European (1),n/ (13); E1 (11); R1 (3),L3 (13); L2 (12); n/ (1),Late Holocene (post-4.2ka) (29)
121,29,Near East / SW Asia,Near East / SW Asia (28); Europe (1),2600,2375,2800,33.05,35.1,Israel_Phoenician (16); Lebanon_IA3 (8); Lebanon_IA2 (2),n/ (15); J1 (6); E1 (4),R0 (2); T2 (2); n/ (2),Late Holocene (post-4.2ka) (29)
175,29,Other,Other (29),2000,1800,2051,38.1,67.28,Uzbekistan_Antiquity (23); Tajikistan_Khatlon_KushanPeriod (5); Uzbekistan_KushanPeriod (1),n/ (12); R1 (4); P1 (1),U2 (4); H1 (4); U7 (3),Late Holocene (post-4.2ka) (29)
220,28,East Asia,East Asia (28),3300,3300,3594,25.84,100.59,China_MLBA (18); China_LBA (5); China_LBA_EIA (4),O2 (6); O (2); N1 (2),—,Late Holocene (post-4.2ka) (28)
85,28,Europe,Europe (28),1350,1150,1575,40.42,29.71,Turkey_Medieval_Byzantine (21); Turkey_LateAntiquity_ImperialRoman-2 (1); Turkey_EarlyMedieval_Byzantine-2 (1),n/ (14); E1 (5); J2 (3),T2 (6); H1 (3); H8 (3),Late Holocene (post-4.2ka) (28)
207,27,East Asia,East Asia (27),2875,2735,3095,25.71,101.91,China_BA_Roman (11); China_LBA_EIA (9); China_EIA (5),O1 (6); O2 (5); n/ (2),—,Late Holocene (post-4.2ka) (27)
95,27,Central Asia / Steppe,Central Asia / Steppe (27),2250,2200,2436,51.98,54.45,Kazakhstan_IA_Sarmatian (6); Russia_Bashkortostan_EIA2_PyanyBor (5); Russia_EarlySarmatian (4),n/ (11); R1 (9); N1 (5),U5 (6); G2 (2); T1 (2),Late Holocene (post-4.2ka) (27)
186,27,SE Asia / Oceania,SE Asia / Oceania (27),2623,2420,2742,13.52,144.81,Guam_LateUnai (22); Guam_PreLattePeriod_LateUnai (3); Guam_LateUnai-o (1),n/ (17); O2 (5); F (1),E2 (11); n/ (9); B4 (2),Late Holocene (post-4.2ka) (27)
212,26,East Asia,East Asia (26),2500,2500,2500,36.84,117.88,China_Jinan_LiuJiaZhuang_Shang (12); China_Zibo_TongLin_Jin (7); China_Weifang_XinZhi_Zhou (3),n/ (25),—,Late Holocene (post-4.2ka) (26)
188,25,Europe,Europe (25),3100,3100,3100,44.85,15.42,Croatia_MLBA (25),n/ (16); R1 (7),U5 (5); T2 (5); H1 (3),Late Holocene (post-4.2ka) (25)
192,25,Europe,Europe (25),475,377,660,37.34,28.04,Turkey_OttomanPeriod_ArabGraves (13); Turkey_Medieval_Byzantine (7); Turkey_OttomanPeriod (2),n/ (11); J2 (4); R1 (3),K1 (3); J2 (2); H1 (2),Late Holocene (post-4.2ka) (25)
11,25,Central Asia / Steppe,Central Asia / Steppe (25),5856,5800,5928,53.15,83.82,Russia_AltaiKrai_Eneolithic (17); Russia_AltaiKrai_N (7); Russia_AltaiKrai_N-oEastAsia (1),C2 (13); n/ (7); Q1 (3),U2 (6); Z1 (5); R1 (5),Mid-Holocene (Holocene Climatic Optimum / 8.2ka aftermath) (25)
73,24,Europe,Europe (24),4562,4342,4711,37.54,37.17,Turkey_EBA (10); Turkey_BA (5); Turkey_EBA-1 (4),n/ (10); J2 (4); T1 (3),U3 (4); K1 (4); R1 (2),Mid-Holocene (Holocene Climatic Optimum / 8.2ka aftermath) (24)
44,24,Europe,Europe (24),8704,8455,8927,44.53,22.05,Serbia_IronGates_Mesolithic (17); Romania_IronGates_Mesolithic (6); Romania_Mesolithic (1),n/ (10); R1 (8); I2 (4),U5 (16); K1 (4); U4 (2),Early Holocene (rapid warming) (24)
149,24,Americas,Americas (24),1316,1104,1455,23.04,-81.5,Cuba_PreCeramic (23); Cuba_PreCeramic-2 (1),n/ (9); Q1 (6); A1 (1),D1 (8); C1 (4); C (3),Late Holocene (post-4.2ka) (24)
197,24,Europe,Europe (24),3425,3311,3711,59.33,-3.01,Scotland_MBA (22); Scotland_EBA_C (2),n/ (13); I2 (9); R1 (1),T2 (7); H3 (4); K1 (3),Late Holocene (post-4.2ka) (24)
21,23,South Asia,South Asia (23),1109,1007,1228,30.25,79.74,India_Roopkund-A (23),n/ (10); H1 (3); J2 (3),M3 (10); U2 (1); M5 (1),Late Holocene (post-4.2ka) (23)
58,22,Central Asia / Steppe,Central Asia / Steppe (22),7444,7125,7575,53.34,83.93,Russia_AltaiKrai_N (13); Russia_AltaiKrai_LN (4); Russia_AltaiKrai_N_Bolshemys (3),Q1 (17); C2 (4); P1 (1),U2 (6); U5 (4); C5 (2),Mid-Holocene (Holocene Climatic Optimum / 8.2ka aftermath) (22)
61,22,Near East / SW Asia,Near East / SW Asia (22),4773,4500,5115,30.65,61.4,Iran_ShahriSokhta_BA1-1 (11); Iran_ShahriSokhta_BA2-2 (10); Iran_ShahriSokhta_BA3-3 (1),n/ (9); J2 (7); L1 (1),U1 (3); n/ (3); M3 (2),Mid-Holocene (Holocene Climatic Optimum / 8.2ka aftermath) (22)
104,21,Europe,Europe (21),400,246,531,42.12,20.52,Albania_Barc_PostMedieval (5); Albania_Bardhoc_PostMedieval (4); Serbia_OttomanPeriod_Ottoman (3),n/ (8); R1 (5); J2 (4),J1 (5); U5 (2); X2 (2),Late Holocene (post-4.2ka) (21)
161,21,Europe,Europe (21),854,750,1038,39.84,-0.38,Spain_Medieval_Islamic (11); Spain_Medieval (7); Spain_Medieval_Islamic_Zira (3),n/ (9); E1 (5); J2 (2),H1 (7); H3 (3); U4 (2),Late Holocene (post-4.2ka) (21)
214,21,South Asia,South Asia (21),2550,2525,2550,31.59,80.1,China_Tibet_Gebusailu_IA (21),D1 (11); n/ (6); N1 (1),Z3 (5); G2 (3); A+ (3),Late Holocene (post-4.2ka) (21)
12,20,Europe,Europe (20),6361,6209,6574,54.88,11.87,Denmark_LateMesolithic_Ertebolle (7); Czechia_N (4); Czechia_MN (3),I2 (7); n/ (6); G2 (3),U5 (6); R1 (2); V1 (1),Mid-Holocene (Holocene Climatic Optimum / 8.2ka aftermath) (20)
52,20,Europe,Europe (20),5653,5387,5867,40.01,-0.49,Spain_MLN (15); Spain_C (2); Spain_MLN-o (1),n/ (11); I2 (4); G2 (2),U5 (5); K1 (3); X2 (3),Mid-Holocene (Holocene Climatic Optimum / 8.2ka aftermath) (20)
66,20,Near East / SW Asia,Near East / SW Asia (20),9909,9800,10162,34.45,48.12,Iran_GanjDareh_N (17); Iran_TepeAbdulHosein_N (3),n/ (10); R2 (8); R (1),R2 (8); U7 (4); X1 (2),Early Holocene (rapid warming) (20)
158,20,Americas,Americas (20),1473,1336,1588,34.0,-119.73,USA_1500BP (12); USA_1600BP (3); USA_California_1400BP (2),n/ (12); Q1 (8),D1 (12); A2 (4); C1 (3),Late Holocene (post-4.2ka) (20)
203,20,Africa,Africa (20),60,60,60,-15.92,-5.71,SaintHelena (20),E1 (16); n/ (3); B2 (1),L3 (8); L2 (7); L1 (3),Late Holocene (post-4.2ka) (20)
32,20,Europe,Europe (20),1300,1153,1392,42.0,2.56,Spain_LateAntiquity (9); Spain_EarlyMedieval (5); Spain_Carolingian (5),n/ (9); R1 (6); BT (1),U5 (5); H4 (2); J1 (2),Late Holocene (post-4.2ka) (20)
209,20,East Asia,East Asia (20),4300,4300,4408,36.79,117.82,China_Shandong_Dinggong_LN (10); China_Jining_YinJiaCheng_Longshan (5); China_Shandong_Chengziya_Longshan (3),n/ (16); N1 (2); C2 (1),—,Mid-Holocene (Holocene Climatic Optimum / 8.2ka aftermath) (20)
167,20,South Asia,South Asia (20),900,713,1085,29.7,89.1,China_Tibet_Longsangquduo (14); China_Tibet_Latuotanggu (4); China_Tibet_Lajue (1),n/ (8); O2 (5); D1 (3),n/ (8); M9 (5); D4 (3),Late Holocene (post-4.2ka) (20)
92,19,Americas,Americas (19),2375,2073,2541,-28.59,-48.96,Brazil_SouthSantaCatarina_LateHolocene_2400BP_HG (6); Brazil_SouthSantaCatarina_LateHolocene_HG (3); Brazil_SouthSantaCatarina_LateHolocene_2200BP (3),Q1 (8); n/ (6); Q (2),C1 (13); D1 (1),Late Holocene (post-4.2ka) (19)
96,19,Americas,Americas (19),1010,750,1227,-16.55,-68.67,Bolivia_MHorizon (4); Bolivia_Akapana_1000BP_Tiwanaku (4); Bolivia_MirafloresTiticacaBasin_MHorizon_1100BP (3),n/ (10); Q1 (6); Q (1),B2 (9); C1 (5); D1 (1),Late Holocene (post-4.2ka) (19)
42,19,Europe,Europe (14); North Africa (5),4073,3731,4212,37.91,13.48,Italy_Sicily_EBA (14); Italy_Sicily_BellBeaker (2); Italy_Sicily_EBA-2 (1),R1 (8); n/ (8); J2 (1),K1 (3); T2 (3); U8 (2),Late Holocene (post-4.2ka) (18); Mid-Holocene (Holocene Climatic Optimum / 8.2ka aftermath) (1)
124,19,East Asia,East Asia (19),1075,1075,1324,47.11,102.08,Mongolia_Arkhangai_EarlyMedieval (9); Mongolia_Arkhangai_EarlyMedieval-o (4); Mongolia_Bulgan_EarlyMedieval_LateMedieval (2),n/ (8); R1 (5); C2 (3),D4 (5); T1 (2); U7 (1),Late Holocene (post-4.2ka) (19)
127,19,Central Asia / Steppe,Central Asia / Steppe (19),1650,1615,1716,49.34,86.35,Kazakhstan_Berel_Hunnic (11); Kazakhstan_IA (4); Kazakhstan_IA-3 (2),n/ (15); Q1 (3); R1 (1),A (2); U1 (1); C4 (1),Late Holocene (post-4.2ka) (19)
60,18,Central Asia / Steppe,Central Asia / Steppe (18),2150,2000,2307,55.5,73.34,Russia_EIA_IA_Sargatka (11); Russia_Omsk_EIA_Irtysh_Sargatka (2); Russia_Omsk_IA_Irmenskaya-o (1),n/ (5); N1 (5); NO (2),U4 (4); D4 (2); H2 (2),Late Holocene (post-4.2ka) (18)
159,18,Americas,Americas (18),4875,4800,5053,33.25,-119.5,USA_4800BP (13); USA_California_4800BP (3); USA_California_4900BP (2),Q1 (8); n/ (5); P1 (1),A2 (13); n/ (2); D1 (2),Mid-Holocene (Holocene Climatic Optimum / 8.2ka aftermath) (18)
154,18,East Asia,East Asia (18),4600,4296,4767,35.3,100.4,China_Qinghai_Zongri (15); China_Qinghai_Lajiasite_LN (2); China_Qinghai_Jinchankousite_LN (1),N1 (6); O2 (4); n/ (3),n/ (7); G2 (5); D4 (2),Mid-Holocene (Holocene Climatic Optimum / 8.2ka aftermath) (18)
190,18,Central Asia / Steppe,Central Asia / Steppe (9); Other (9),1537,1450,1675,56.0,54.03,Russia_Boyasky_IA_Mazunino (4); Russia_Bashkortostan_Roman_Mazunino (3); Russia_Bashkortostan_Roman_Bakhmutinsky_Mazuninsky (3),N1 (8); R1 (3); A1 (3),U4 (7); H1 (1); Z1 (1),Late Holocene (post-4.2ka) (18)
184,17,Europe,Europe (17),2750,2750,2850,41.73,26.33,Bulgaria_KapitanAndreevo_EIA (11); NorthMacedonia_IA (2); Bulgaria_Stambolovo_EIA (2),n/ (8); E1 (8); R1 (1),H1 (3); H3 (2); K1 (2),Late Holocene (post-4.2ka) (17)
62,17,Near East / SW Asia,Near East / SW Asia (17),6150,6150,6150,32.97,35.33,Israel_LateC (16); Israel_LateC-2 (1),n/ (10); T1 (7),T2 (4); T1 (3); I6 (2),Mid-Holocene (Holocene Climatic Optimum / 8.2ka aftermath) (17)
53,17,Europe,Europe (17),7127,7019,7210,42.5,0.5,Spain_EN (15); Spain_Mesolithic (2),n/ (7); I2 (4); R1 (3),K1 (3); J1 (3); T2 (2),Mid-Holocene (Holocene Climatic Optimum / 8.2ka aftermath) (17)
26,17,Europe,Europe (16); North Africa (1),1450,1369,1650,37.32,-4.01,Spain_LateAntiquity (10); Spain_Roman_LateAntiquity-oAfrica (2); Spain_LateAntiquity_ImperialRoman-oAfrica (2),n/ (6); R1 (3); J2 (3),HV (3); U5 (2); T2 (2),Late Holocene (post-4.2ka) (17)
91,17,Americas,Americas (17),100,60,280,-53.84,-69.57,Argentina_BeagleChannel_100BP_Yamana (6); Argentina_StraitofMagellan_100BP_Kaweskar (4); Argentina_StraitofMagellan_100BP_Selknam (3),n/ (9); Q1 (6); P1 (1),D4 (7); D1 (5); C1 (5),Late Holocene (post-4.2ka) (17)
22,16,South Asia,South Asia (16),130,124,199,30.25,79.74,India_Roopkund-B (12); India-oCentralEurope (1); India_Roopkund-oNearEast (1),n/ (6); R1 (2); G2 (1),H1 (6); H6 (2); W1 (1),Late Holocene (post-4.2ka) (16)
57,16,Near East / SW Asia,Near East / SW Asia (16),12700,12700,12700,32.65,35.07,Israel_Natufian (16),E1 (13); E (3),n/ (5); H+ (4); JT (3),Younger Dryas (abrupt cold reversal) (16)
80,16,Other,Other (13); Americas (3),1062,795,1250,66.12,-170.46,Russia_Chukotka_EarlyModern_OldBeringSea (13); Russia_Chukotka_OldBeringSea (3),Q1 (7); n/ (6); C2 (3),A2 (13); D4 (3),Late Holocene (post-4.2ka) (16)
165,16,East Asia,East Asia (16),419,378,450,25.11,107.66,China_Guangxi_HuatuyanCave_MingDynasty (8); China_Guizhou_Dasongshan_MingDynasty (6); China_Guangxi_HuaqiaoCaves_MingDynasty (1),n/ (8); O2 (3); C1 (3),n/ (6); M7 (2); D4 (1),Late Holocene (post-4.2ka) (16)
142,16,Americas,Americas (16),900,762,998,61.08,-45.55,Greenland_EarlyNorse (12); Greenland_EarlyNorse-1 (2); Greenland_LateNorse (2),n/ (7); I1 (4); R1 (2),J1 (5); T2 (3); K1 (2),Late Holocene (post-4.2ka) (16)
139,16,South Asia,South Asia (16),2275,2275,2351,28.86,83.92,Nepal_LIA_EMiddleKingdoms (9); Nepal_LIA (7),n/ (10); O2 (6),M9 (7); F1 (5); A6 (1),Late Holocene (post-4.2ka) (16)
100,16,Europe,Europe (16),1568,1401,1625,39.36,-8.93,Portugal_LateAntiquity_ImperialRoman_Roman (8); Portugal_Roman (6); Portugal_LateAntiquity_ImperialRoman_Roman-oAfrica (1),n/ (6); R1 (4); G2 (1),—,Late Holocene (post-4.2ka) (16)
145,16,Europe,Europe (16),350,350,350,61.85,-6.8,FaroeIslands_EarlyModern (14); FaroeIslands_EarlyModern-1 (1); FaroeIslands_EarlyModern-2 (1),R1 (12); n/ (3); I1 (1),H3 (8); H5 (2); H1 (2),Late Holocene (post-4.2ka) (16)
164,15,East Asia,East Asia (15),1426,1308,1550,24.05,107.51,China_Guangxi_BalongCave_NorthernAndSouthernDynasties (4); China_Guangxi_CenxunCave (3); China_Guangxi_QinchangCave_NorthernAndSouthernDynasties (2),n/ (6); O1 (5); C (2),M7 (6); R9 (2); D4 (2),Late Holocene (post-4.2ka) (15)
208,15,Europe,Europe (15),600,500,800,47.43,34.27,Ukraine_LateMedieval_Nogai (7); Ukraine_GoldenHorde_LateMedieval (5); Ukraine_LateMedieval (3),n/ (7); R1b1 (2); R1a1 (1),J1 (2); M7 (2); C4 (2),Late Holocene (post-4.2ka) (15)
23,15,East Asia,East Asia (15),6785,6652,6954,42.79,131.28,Russia_PrimorskyKrai_MN_Boisman (12); Russia_PrimorskyKrai_N (2); Russia_PrimorskyKrai_MN (1),n/ (8); C2 (5); CF (1),D4 (7); C5 (4); B4 (2),Mid-Holocene (Holocene Climatic Optimum / 8.2ka aftermath) (15)
39,15,Europe,Europe (15),6071,5946,6263,56.28,25.13,Latvia_MN (4); Latvia_MN-3 (3); Latvia_MN-2 (2),n/ (8); R1 (6),U4 (10); U5 (4),Mid-Holocene (Holocene Climatic Optimum / 8.2ka aftermath) (15)
83,15,Americas,Americas (15),1000,1000,1000,29.06,-108.92,Mexico_Tayopa_1000BP (15),Q1 (6); n/ (6); CT (1),B2 (4); C1 (3); R (2),Late Holocene (post-4.2ka) (15)
1,15,Europe,Europe (15),10078,9900,10296,38.22,39.75,Turkey_PPN (15),n/ (10); G2 (3); C (1),U3 (4); n/ (3); K1 (3),Early Holocene (rapid warming) (15)
72,14,Europe,Europe (14),9249,9170,9500,44.57,22.05,Serbia_IronGates_Mesolithic (7); Romania_IronGates_Mesolithic (2); Serbia_IronGates_Mesolithic-oHighEEF (2),n/ (10); R1 (4),K1 (5); U5 (4); U4 (3),Early Holocene (rapid warming) (14)
16,14,Americas,Americas (14),3199,3050,3463,34.02,-119.68,USA_California_3000BP (6); USA_1600BP (4); USA_California_3400BP (3),n/ (9); Q1 (3),A2 (4); B2 (3); C1 (2),Late Holocene (post-4.2ka) (14)
98,14,Europe,Europe (9); Near East / SW Asia (5),1900,1850,2034,40.69,43.85,Armenia_Beniamin_Antiquity (8); Armenia_Aghitu_Antiquity (3); Armenia_Sarukhan_Antiquity (2),n/ (7); I2 (2); R1 (2),W3 (1); H1 (1); T2 (1),Late Holocene (post-4.2ka) (14)
106,14,Central Asia / Steppe,Central Asia / Steppe (14),1000,950,1100,55.85,61.55,Russia_Chelyabinsk_Karayakupovo_Kushnarenkovo (8); Russia_Bashkortostan_EarlyMedieval_Karayakupovo (5); Russia_Medieval_Kusnarenkovo_Karajakupovo (1),N1 (11); n/ (2); G2 (1),C4 (4); N1 (3); U5 (2),Late Holocene (post-4.2ka) (14)
200,14,SE Asia / Oceania,SE Asia / Oceania (14),1492,1338,1553,7.35,134.5,Palau_KororQuarry_1500BP (8); Palau_Ngkeklau_1400BP (3); Palau_OmedokelCave_1400BP (2),n/ (5); S (2); S1 (2),B4 (5); B5 (2); P1 (2),Late Holocene (post-4.2ka) (14)
148,14,Americas,Americas (14),673,602,855,14.09,-60.93,SaintLucia_Ceramic (12); Guadeloupe_Ceramic (2),Q1 (7); n/ (7),C1 (6); A2 (3); B2 (3),Late Holocene (post-4.2ka) (14)
213,14,East Asia,East Asia (14),3098,2968,3203,34.87,113.35,China_Henan_Xisima_LShang (10); China_Jinan_LiuJiaZhuang_Shang (2); China_Jining_XiChen_Shang (1),n/ (3); O2 (2); N (2),—,Late Holocene (post-4.2ka) (14)
216,13,Europe,Europe (13),3416,3349,3549,63.86,11.31,Norway_Sund_EBA (6); Norway_Skjeggesnes_EBA (3); Norway_Toldnes_EBA (2),R1 (8); P1 (1),—,Late Holocene (post-4.2ka) (13)
122,13,Europe,Europe (13),2808,2749,2875,45.32,28.41,Ukraine_IA_Hallstatt_Thracian (6); Moldova_Cimmerian (3); Ukraine_LBA_EIA (1),n/ (8); R1 (2); Q1 (1),T2 (3); U5 (2); H3 (1),Late Holocene (post-4.2ka) (13)
55,13,East Asia,East Asia (13),3850,3684,3950,20.13,105.98,Vietnam_N (12); Vietnam_LN (1),n/ (6); O2 (3); CT (1),M7 (5); n/ (3); B5 (2),Late Holocene (post-4.2ka) (13)
19,13,South Asia,South Asia (13),2250,2197,2316,34.76,72.36,Pakistan_Historic (11); Pakistan_Historic-2 (1); Pakistan_Historic_H (1),n/ (8); R2 (2); R1 (1),H1 (2); M3 (2); H2 (1),Late Holocene (post-4.2ka) (13)
45,13,Central Asia / Steppe,Central Asia / Steppe (12); Siberia / North Asia (1),6030,5854,6249,55.76,74.31,Russia_Novosibirsk_N (5); Russia_Omsk_Eneolithic_Chernoozersky (3); Russia_Omsk_Eneolithic-2 (2),R1 (6); n/ (3); Q (2),U4 (3); U2 (2); A8 (2),Mid-Holocene (Holocene Climatic Optimum / 8.2ka aftermath) (13)
133,13,Other,Other (13),2175,2025,2200,38.27,85.33,China_Xinjiang_ZhagunlukeZaghunluq_IA (13),R1 (6); n/ (4); R (2),H5 (2); T1 (2); N1 (2),Late Holocene (post-4.2ka) (13)
112,13,Central Asia / Steppe,Central Asia / Steppe (13),675,612,851,42.81,75.24,Kyrgyzstan_Medieval_BlackDeath (5); Kyrgyzstan_Medieval_Nomad (3); Kyrgyzstan_Medieval_BlackDeath-oWestEurasia (2),n/ (9); C2 (1); L1 (1),n/ (4); C4 (2); G2 (1),Late Holocene (post-4.2ka) (13)
68,13,Europe,Europe (12); Near East / SW Asia (1),1222,1116,1350,37.18,40.95,Turkey_EarlyMedieval_Byzantine (8); Turkey_LateAntiquity_Byzantine (2); Syria_Umayyad (2),J2 (4); J1 (4); n/ (4),N1 (3); X4 (2); U3 (1),Late Holocene (post-4.2ka) (13)
194,12,Europe,Europe (12),2550,2550,2550,37.34,28.04,Turkey_Ancient (12),n/ (7); G2 (4); J1 (1),H1 (2); I5 (2); T2 (2),Late Holocene (post-4.2ka) (12)
225,12,East Asia,East Asia (12),7550,7550,7550,41.29,114.23,China_Sitaimengguying_EN (12),N (3); F (1); CT (1),—,Mid-Holocene (Holocene Climatic Optimum / 8.2ka aftermath) (12)
170,12,East Asia,East Asia (12),4486,4325,4575,26.2,119.1,China_Fujian_Xitoucun_LN (7); China_Fujian_Tanshishan_LN (3); China_Penghu_Suogang_LN (2),n/ (2); O1 (1),—,Mid-Holocene (Holocene Climatic Optimum / 8.2ka aftermath) (12)
116,12,Other,Other (8); Siberia / North Asia (4),2850,2817,2941,54.68,90.85,Russia_Tagar (8); Russia_KrasnoyarskKrai_LBA_Karasuk_Yenisei (2); Russia_KrasnoyarskKrai_LBA_IA-1 (1),R1 (4); n/ (4); N (3),F1 (3); U2 (2); N1 (1),Late Holocene (post-4.2ka) (12)
99,12,Europe,Europe (12),7202,7074,7365,43.72,13.03,Italy_Centro_Central_N (7); Italy_Centro_Central_EN_Cardial-Dup (2); Italy_Lazio_C (1),J2 (5); n/ (4); H (1),U5 (5); N1 (1); U8 (1),Mid-Holocene (Holocene Climatic Optimum / 8.2ka aftermath) (12)
107,12,East Asia,East Asia (12),5050,5050,5050,37.82,109.05,China_Shaanxi_Wuzhuangguoliang_LN (12),n/ (6); F (3); C (2),B4 (2); A7 (1); M1 (1),Mid-Holocene (Holocene Climatic Optimum / 8.2ka aftermath) (12)
115,12,Europe,Europe (12),1103,1100,1263,50.14,36.89,Ukraine_EarlyMedieval (8); Russia_Khazar_Don (2); Russia_SaltovoMayaki (1),n/ (4); R1b1 (3); P1 (1),I (1); J1 (1); U1 (1),Late Holocene (post-4.2ka) (12)
150,12,Americas,Americas (12),2000,1950,2000,23.04,-81.5,Cuba_PreCeramic (12),Q1 (8); n/ (3); CT (1),A2 (3); D1 (2); n/ (2),Late Holocene (post-4.2ka) (12)
132,12,East Asia,East Asia (11); Central Asia / Steppe (1),2247,2213,2300,43.61,93.17,China_NorthwestXinjiang_Shirenzigou_IA (6); China_NorthwestXinjiang_Shirenzigou_IA-1 (4); China_Xinjiang_Baiyanghe_IA-2 (1),n/ (5); O2 (2); R1 (2),U5 (2); U4 (2); R1 (1),Late Holocene (post-4.2ka) (12)
134,12,Other,Other (12),2500,2500,2500,37.77,75.22,China_Xinjiang_JierzankaleJirzankal_IA (12),Q1 (5); n/ (5); R1 (1),D4 (3); C4 (3); H1 (2),Late Holocene (post-4.2ka) (12)
177,12,Europe,Europe (12),7450,7274,7547,50.09,39.89,Russia_Voronezh_N (6); Russia_Voronezh_N_Mariupol (6),R1 (6); K (3); I2 (2),U5 (4); U2 (4); U4 (3),Mid-Holocene (Holocene Climatic Optimum / 8.2ka aftermath) (12)
180,11,Americas,Americas (11),1150,1150,1350,-26.03,-67.34,Argentina_Catamarca_1200BP_Agropastoral (5); Argentina_Catamarca_1200BP (5); Argentina_Catamarca_1400BP (1),Q1 (3); n/ (3); Q (1),C1 (4); A2 (2); D1 (2),Late Holocene (post-4.2ka) (11)
183,11,Europe,Europe (10); Near East / SW Asia (1),750,728,950,36.87,37.54,Turkey_Medieval_Byzantine (4); Turkey_Medieval_Byzantine-1 (3); Turkey_EarlyMedieval_Byzantine (2),n/ (5); G2 (3); J2 (2),N3 (2); T2 (1); H1 (1),Late Holocene (post-4.2ka) (11)
135,11,South Asia,South Asia (11),1650,1650,1650,36.97,79.94,China_Xinjiang_Hetian_Antiquity (11),O2 (6); CT (3); n/ (2),U4 (2); M3 (1); U5 (1),Late Holocene (post-4.2ka) (11)
63,11,SE Asia / Oceania,SE Asia / Oceania (11),2885,2820,2990,-17.79,168.37,Vanuatu_2900BP (7); Vanuatu_3000BP (4),n/ (6); O1 (2); BT (1),B4 (5); n/ (5); R (1),Late Holocene (post-4.2ka) (11)
78,11,SE Asia / Oceania,SE Asia / Oceania (11),488,246,523,6.85,158.33,FederatedStatesofMicronesia_SaudeleurDynasty (8); FederatedStatesofMicronesia_400BP (3),S (5); n/ (4); C1 (1),B4 (9),Late Holocene (post-4.2ka) (11)
34,11,Europe,Europe (10); Near East / SW Asia (1),7541,7463,7768,41.47,44.68,Georgia_Arukhlo2_N_Caucasus (6); Armenia_MasisBlur_N (3); Azerbaijan_MenteshTepe_LN_Caucasus (1),n/ (5); J2 (4); P1 (1),K1 (4); n/ (2); K (1),Mid-Holocene (Holocene Climatic Optimum / 8.2ka aftermath) (11)
171,11,Central Asia / Steppe,Central Asia / Steppe (11),3900,3645,3900,40.34,88.67,China_Xinjiang_Xiaohe_BA (11),n/ (9); R1 (2),C4 (10); R1 (1),Late Holocene (post-4.2ka) (11)
219,11,Europe,Europe (11),200,100,300,40.18,-8.68,Portugal_KingdomOfPortugal (8); Portugal_NapoleonicWar (2); Portugal_PostMedieval (1),E1 (2); J1 (1); R1 (1),—,Late Holocene (post-4.2ka) (11)
102,11,Europe,Europe (11),1513,1465,1552,43.32,43.68,Russia_Zaragizh_MigrationPeriod_Alan (6); Armenia_Beniamin_EarlyMedieval (4); Russia_Ekazhevo_IA_Alan (1),n/ (3); R1 (3); J2 (2),—,Late Holocene (post-4.2ka) (11)
128,11,Near East / SW Asia,Near East / SW Asia (11),5100,5100,5209,28.33,56.87,Iran_ShahTepe_BA (7); Iran_ShahTepe_LateC_EBA (4),n/ (6); J1 (2); T1 (2),HV (3); H1 (1); I1 (1),Mid-Holocene (Holocene Climatic Optimum / 8.2ka aftermath) (11)
157,11,Europe,Europe (11),45875,45875,45875,50.66,11.57,Germany_Ranis_IUP (9); Czechia_Zlatykun_IUP (2),n/ (9),N (1),MIS 3 interstadial-variable (OoA window) (11)
144,11,Europe,Europe (11),950,950,950,54.78,31.87,Russia_EarlyMedieval_Viking_OldRus (6); Russia_EarlyMedieval_Viking_OldRus-o (3); Russia_Viking (1),n/ (7); R1 (2); I1 (1),HV (2); U5 (2); H1 (1),Late Holocene (post-4.2ka) (11)
166,10,East Asia,East Asia (10),2811,2735,2901,33.5,95.4,China_Qinghai_Pukagongma (6); China_Tibet_Redilong_IA (2); China_Tibet_Xiaoenda_IA (1),n/ (4); D1 (3); O2 (2),n/ (8); D4 (1),Late Holocene (post-4.2ka) (10)
84,10,Americas,Americas (10),606,562,625,30.39,-111.53,Mexico_600BP_TradicionTrincheras (7); Mexico_550BP_TradicionTrincheras (1); Mexico_PreColumbian_Medio (1),Q1 (6); n/ (3); P1 (1),C1 (4); H (1); A2 (1),Late Holocene (post-4.2ka) (10)
89,10,Americas,Americas (10),350,350,431,20.24,-90.46,Mexico_Colonial_Maya (8); Mexico_Colonial_European (1); Mexico_Colonial_African (1),n/ (6); Q1 (3); I2 (1),A2 (5); B2 (2); X2 (1),Late Holocene (post-4.2ka) (10)
129,10,Central Asia / Steppe,Central Asia / Steppe (10),4628,4498,4700,48.29,86.27,China_Xinjiang_Ayituohan_BA_Afanasievo (4); China_Xinjiang_Songshugou_BA (2); China_Xinjiang_Habahe_BA (1),n/ (5); Q2 (3); R1 (1),U5 (3); T2 (2); U4 (2),Mid-Holocene (Holocene Climatic Optimum / 8.2ka aftermath) (10)
137,10,Europe,Europe (10),1400,1366,1400,62.95,22.41,Finland_Levanluhta (4); Finland_Levanluhta-2 (3); Finland_IA_Saami (1),n/ (8),K1 (3); U5 (2); H1 (1),Late Holocene (post-4.2ka) (10)
110,10,Europe,Europe (10),2126,2071,2244,39.65,33.79,Turkey_Ancient-1 (3); Turkey_Ancient (3); Turkey_IA (3),n/ (7); J2 (2); G (1),J2 (1); U4 (1); X2 (1),Late Holocene (post-4.2ka) (10)
204,10,Europe,Europe (10),321,321,321,44.89,6.62,France_FrenchAlps (10),n/ (6); R1 (2); CT (1),n/ (8); H2 (1); T1 (1),Late Holocene (post-4.2ka) (10)
172,10,East Asia,East Asia (10),1226,1130,1308,36.22,98.17,China_Qinghai_DulanWayanReservoirSite_Classical (9); China_Qinghai_DulanWayanReservoirSite_Classical-oWestEurasia (1),n/ (6); O2 (2); N1 (1),D4 (4); C4 (2); M1 (1),Late Holocene (post-4.2ka) (10)
191,10,Americas,Americas (10),711,496,750,-22.92,-66.06,Argentina_Jujuy_700BP (8); Argentina_Salta_600BP (2),n/ (6); Q1 (2),A2 (2); B2 (2); D1 (2),Late Holocene (post-4.2ka) (10)
138,10,South Asia,South Asia (10),2650,2579,2775,28.9,83.83,Nepal_IA (7); China_Tibet_Sila (2); Nepal_2800BP (1),n/ (5); O2 (4); C2 (1),F1 (3); A1 (1); M1 (1),Late Holocene (post-4.2ka) (10)
140,10,South Asia,South Asia (10),1275,1275,1275,29.28,84.03,Nepal_Mustang_SamdzongTomb_MiddleKingdom (9); Nepal_1500BP (1),O2 (5); n/ (4); O (1),M9 (3); F1 (2); D4 (1),Late Holocene (post-4.2ka) (10)
136,10,Europe,Europe (10),3725,3725,3740,69.22,33.48,Russia_BolshoyOleniyOstrov_MBA (9); Russia_Murmansk_MBA (1),n/ (9); N1 (1),U4 (1); Z1 (1); T2 (1),Late Holocene (post-4.2ka) (10)
17,9,Europe,Europe (9),2843,2810,2844,57.72,-3.38,Scotland_LBA (9),n/ (5); R1 (4),I2 (3); K1 (2); H5 (2),Late Holocene (post-4.2ka) (9)
174,9,Europe,Europe (9),6750,6696,6750,52.02,5.12,Netherlands_EN_LateMesolithic_Swifterbant (6); Netherlands_EN_LateMesolithic_Swifterbant-o (3),n/ (6); I2 (3),U5 (4); K1 (3); H+ (2),Mid-Holocene (Holocene Climatic Optimum / 8.2ka aftermath) (9)
223,9,East Asia,East Asia (9),5884,5818,6040,32.69,112.13,China_Baligang_N_Yangshao (8); China_Henan_Wanggousite_MN (1),O2 (7); n/ (1),F1 (1),Mid-Holocene (Holocene Climatic Optimum / 8.2ka aftermath) (9)
206,9,Europe,Europe (9),3525,3490,3525,44.28,40.33,Russia_Adygea_MLBA (8); Russia_MLBA_Caucasus (1),J2 (3); n/ (2); G2 (2),U5 (2); U3 (1); I4 (1),Late Holocene (post-4.2ka) (9)
185,9,Europe,Europe (9),5671,5575,5807,40.63,8.32,Italy_Sardinia_N (9),G (2); n/ (2); H2 (2),R (2); n/ (1); V (1),Mid-Holocene (Holocene Climatic Optimum / 8.2ka aftermath) (9)
210,9,Americas,Americas (9),2000,1901,2000,4.73,-74.28,Colombia_LagunadeLaHerrera_Formative (9),n/ (6); Q1 (3),—,Late Holocene (post-4.2ka) (9)
162,9,North Africa,North Africa (9),7925,7851,7981,35.24,24.99,Greece_Crete_Aposelemis_N (8); Greece_Peloponnese_N (1),n/ (5); G2 (4),K (1),Mid-Holocene (Holocene Climatic Optimum / 8.2ka aftermath) (9)
76,9,Siberia / North Asia,Siberia / North Asia (5); Central Asia / Steppe (4),4849,4707,4937,56.46,74.88,Russia_Omsk_Eneolithic_Okunevsky (4); Russia_Omsk_Eneolithic_Chernoozersky (2); Russia_Omsk_Eneolithic (2),n/ (4); Q1 (4); C2 (1),U4 (2); U5 (2); D4 (2),Mid-Holocene (Holocene Climatic Optimum / 8.2ka aftermath) (9)
71,9,Europe,Europe (9),7369,7248,7441,56.28,25.13,Latvia_EMN_Narva (9),I2 (5); R1 (2); n/ (2),U5 (6); U4 (3),Mid-Holocene (Holocene Climatic Optimum / 8.2ka aftermath) (9)
38,9,SE Asia / Oceania,SE Asia / Oceania (9),150,135,215,-17.68,168.4,Vanuatu_150BP (6); Vanuatu_200BP (2); Vanuatu_200BP-oPolynesian (1),n/ (3); O1 (2); S (1),R (2); P1 (2); P2 (1),Late Holocene (post-4.2ka) (9)
79,9,Europe,Europe (9),1682,1646,1838,37.88,12.48,Italy_Sicily_ImperialRoman_Sicilia (7); Italy_Sicily_LateAntiquity_ImperialRoman_Sicilia (2),n/ (7); J1 (1); R1 (1),T1 (2); R0 (1); H8 (1),Late Holocene (post-4.2ka) (9)
36,9,Europe,Europe (9),3490,3460,3705,37.54,12.26,Italy_Sicily_MBA (3); Italy_Sicily_MBA-3 (2); Italy_Sicily_MBA-2 (2),n/ (5); G2 (3); R1 (1),K2 (2); K1 (2); L3 (1),Late Holocene (post-4.2ka) (9)
41,9,Europe,Europe (9),7033,7033,7110,56.28,25.13,Latvia_EMN_Narva (7); Lithuania_EMN_Narva (1); Latvia_EMN_Narva-Dup (1),R1 (7); I2 (2),U5 (7); U4 (2),Mid-Holocene (Holocene Climatic Optimum / 8.2ka aftermath) (9)
87,9,Europe,Europe (9),7208,7145,7300,56.78,40.45,Russia_Ivanovo_LN_Lyalovo-Dup (6); Russia_Ivanovo_LN_Lyalovo (3),R1 (7); n/ (2),U5 (4); U4 (3); K1 (2),Mid-Holocene (Holocene Climatic Optimum / 8.2ka aftermath) (9)
18,9,Near East / SW Asia,Near East / SW Asia (9),4698,4550,4838,36.15,54.38,Iran_TepeHissar_C (6); Iran_BozoodpeyGhaleBen_MBA_Caucasus (2); Turkmenistan_EBA (1),n/ (6); L (1); T (1),HV (3); W3 (2); U7 (2),Mid-Holocene (Holocene Climatic Optimum / 8.2ka aftermath) (9)
70,9,Europe,Europe (9),1716,1648,1800,41.31,36.33,Turkey_LateAntiquity_ImperialRoman (4); Turkey_ImperialRoman_Roman (3); Turkey_LateAntiquity_ImperialRoman-1 (1),R1 (4); T1 (2); n/ (1),D4 (3); X2 (2); U3 (1),Late Holocene (post-4.2ka) (9)
156,9,Europe,Europe (9),1661,1577,1762,56.51,40.21,Russia_Roman_RyazanOka (8); Russia_MigrationPeriod_RyazanOka (1),n/ (9),n/ (4); U4 (1); T2 (1),Late Holocene (post-4.2ka) (9)
120,9,Near East / SW Asia,Near East / SW Asia (9),800,698,851,33.56,35.4,Lebanon_Medieval (3); Lebanon_Medieval-2 (2); Lebanon_Medieval-5 (1),R1 (5); E1 (1); T1 (1),J1 (3); HV (2); H5 (1),Late Holocene (post-4.2ka) (9)
103,9,Near East / SW Asia,Near East / SW Asia (9),1406,1279,1525,33.85,35.78,Lebanon_Medieval (4); Lebanon_Chhim_Medieval (2); Lebanon_Chhim_Medieval-o (1),n/ (6); T1 (1); R1 (1),H2 (1); U3 (1),Late Holocene (post-4.2ka) (9)
118,9,Near East / SW Asia,Near East / SW Asia (6); North Africa (3),9591,9565,9600,31.99,35.98,Jordan_PPNB (5); Cyprus_PPNB (3); Israel_PPNB_LN (1),E1 (3); F (2); n/ (2),T1 (3); n/ (2); R0 (1),Early Holocene (rapid warming) (9)
179,9,Americas,Americas (9),2500,2395,2594,-30.89,-62.94,Argentina_Cordoba_2500BP (8); Argentina_Cordoba_2600BP (1),Q1 (4); n/ (3); K (1),C1 (6); A2 (2); C (1),Late Holocene (post-4.2ka) (9)
173,9,Americas,Americas (9),1150,1015,1263,25.81,-105.79,Mexico_1100BP (9),n/ (5); Q1 (4),B2 (5); A2 (2); C1 (2),Late Holocene (post-4.2ka) (9)
33,8,North Africa,North Africa (8),400,400,400,36.95,-3.55,Spain_NazariPeriod_Muslim (6); Spain_NazariPeriod_African_Muslim (1); Spain_NazariPeriod_Muslim-o (1),n/ (4); BT (1); R (1),U6 (2); H1 (1); L2 (1),Late Holocene (post-4.2ka) (8)
40,8,Europe,Europe (8),7658,7637,7677,56.28,25.13,Latvia_LateMesolithic_Kunda (8),R1 (4); I2 (2); n/ (2),U5 (4); U2 (4),Mid-Holocene (Holocene Climatic Optimum / 8.2ka aftermath) (8)
97,8,Near East / SW Asia,Near East / SW Asia (8),6087,6047,6156,39.73,45.2,Armenia_C (8),n/ (4); L1 (4),K1 (5); U4 (1); K (1),Mid-Holocene (Holocene Climatic Optimum / 8.2ka aftermath) (8)
93,8,Europe,Europe (8),7624,7564,7722,58.54,15.05,Sweden_Mesolithic_HG (7); Sweden_Mesolithic (1),I2 (5); n/ (3),U5 (4); U2 (3),Mid-Holocene (Holocene Climatic Optimum / 8.2ka aftermath) (8)
90,8,Europe,Europe (8),3050,3050,3100,39.99,3.84,Spain_LBA (8),R1 (5); n/ (2); P1 (1),n/ (3); K1 (2); J1 (1),Late Holocene (post-4.2ka) (8)
67,8,Europe,Europe (8),6815,6718,6832,37.72,12.92,Italy_Sicily_MN (8),n/ (5); C1 (2),H1 (3); K1 (3); K2 (1),Mid-Holocene (Holocene Climatic Optimum / 8.2ka aftermath) (8)
49,8,Central Asia / Steppe,Central Asia / Steppe (8),3475,3475,3475,53.03,50.39,Russia_Samara_LBA_Srubnaya (5); Russia_Tatarstan_LBA_Srubnaya (2); Russia_Samara_LBA_Srubnaya_Daunian (1),R1 (5); n/ (3),U5 (4); J2 (2); H5 (1),Late Holocene (post-4.2ka) (8)
109,8,East Asia,East Asia (8),5577,5454,5690,53.19,103.38,Russia_Irkutsk_N (6); Russia_Irkutsk_N_Angara (2),n/ (6); N (1); Q1 (1),R1 (3); D4 (2); A+ (1),Mid-Holocene (Holocene Climatic Optimum / 8.2ka aftermath) (8)
125,8,East Asia,East Asia (8),3311,3239,3429,46.77,111.6,Mongolia_Sukhbaatar_MLBA (4); Mongolia_LBA_Ulaanzuukh-2 (2); Mongolia_Sukhbaataraimag_MLBA (1),Q1 (4); n/ (4),D5 (2); C4 (2); D4 (2),Late Holocene (post-4.2ka) (8)
126,8,Central Asia / Steppe,Central Asia / Steppe (8),2238,2123,2304,50.23,75.14,Kazakhstan_Hun_Nomad_Sarmatian (1); Kazakhstan_Tasmola-2 (1); Kazakhstan_IA_Korgantas-1 (1),Q1 (4); n/ (2); F (1),D4 (3); C4 (1); U5 (1),Late Holocene (post-4.2ka) (8)
160,8,Other,Other (8),2007,1842,2062,66.12,-170.46,Russia_Chukotka_Antiquity_OldBeringSea (3); Russia_Chukotka_OldBeringSea (3); Russia_Antiquity_OldBeringSea (1),Q1 (7); F (1),A2 (6); D4 (2),Late Holocene (post-4.2ka) (8)
152,8,Americas,Americas (8),1888,1783,1992,20.55,-76.99,Cuba_PreCeramic (8),n/ (4); Q1 (4),C1 (6); D1 (1); A2 (1),Late Holocene (post-4.2ka) (8)
131,8,Central Asia / Steppe,Central Asia / Steppe (8),4200,4042,4200,48.06,86.42,China_Xinjiang_Tuoganbai_BA (4); China_Xinjiang_Tuoganbai_BA_Chemurcheck (2); Kazakhstan_MBA (1),n/ (3); P1 (2); R1 (2),R1 (3); H2 (3); T (1),Late Holocene (post-4.2ka) (8)
130,8,Other,Other (8),4225,4187,4225,46.48,90.75,China_Xinjiang_ChaganguoleChagangole_BA_Chemurcheck (8),R1 (3); n/ (3); Q (1),C4 (2); D4 (1); A1 (1),Mid-Holocene (Holocene Climatic Optimum / 8.2ka aftermath) (7); Late Holocene (post-4.2ka) (1)
108,8,Europe,Europe (8),2300,2300,2300,47.29,39.54,Russia_Sarmatian (8),R1 (5); n/ (2); Q1 (1),A+ (2); U2 (2); I1 (1),Late Holocene (post-4.2ka) (8)
119,8,East Asia,East Asia (8),1550,1550,1550,35.24,128.88,RepublicofKorea_ThreeKingdoms (8),n/ (5); D1 (1); O1 (1),D4 (4); B4 (1); M1 (1),Late Holocene (post-4.2ka) (8)
163,8,Europe,Europe (7); Central Asia / Steppe (1),6168,5976,6230,44.04,43.31,Russia_Eneolithic_Caucasus (4); Russia_StavropolKrai_Eneolithic_Steppe (2); Russia_StavropolKrai_Eneolithic (1),R1 (4); n/ (3),T2 (2); U2 (2); H2 (1),Mid-Holocene (Holocene Climatic Optimum / 8.2ka aftermath) (8)
182,8,Africa,Africa (8),2234,2150,2409,-2.07,35.88,Kenya_PastoralN (4); Tanzania_PastoralN (2); Tanzania_PastoralN_IA-oForager (2),n/ (3); A1 (2); E1 (2),L4 (4); L3 (2); M1 (1),Late Holocene (post-4.2ka) (8)
202,8,Near East / SW Asia,Near East / SW Asia (8),9398,9214,9450,34.99,46.37,Iraq_PPN (4); Iran_TepeGuran_EN_PPN (2); Iran_WezmehCave_N (1),n/ (4); G2 (1); J (1),n/ (3); J1 (1); HV (1),Early Holocene (rapid warming) (8)
193,8,Africa,Africa (8),440,297,521,-9.06,39.55,Tanzania_Swahili (7); Tanzania_Swahili-oNearEast (1),E1 (4); n/ (2); J2 (1),L3 (5); L2 (1); L0 (1),Late Holocene (post-4.2ka) (8)
187,8,Americas,Americas (8),2242,2148,2345,10.03,-69.64,Venezuela_Ceramic (8),Q1 (6); n/ (2),B2 (8),Late Holocene (post-4.2ka) (8)
189,8,Siberia / North Asia,Siberia / North Asia (8),950,850,950,57.53,72.53,Russia_Omsk_HanMan (8),Q1 (4); n/ (3); N1 (1),F1 (2); U4 (1); J1 (1),Late Holocene (post-4.2ka) (8)
199,8,Americas,Americas (8),1225,1175,1350,20.86,-100.93,Mexico_Medieval (8),n/ (4); Q1 (2); F (1),D1 (4); B2 (2); A2 (2),Late Holocene (post-4.2ka) (8)
201,8,Europe,Europe (8),10358,10350,10500,48.22,35.4,Ukraine_Mesolithic (5); Ukraine_Mesolithic-Dup (2); Ukraine_Zaporizhia_EN (1),I2 (3); R1 (2); n/ (1),n/ (3); U5 (2); H2 (1),Early Holocene (rapid warming) (8)
215,8,Europe,Europe (8),2900,2874,2900,56.24,10.79,Denmark_Maderne_LBA (1); Sweden_Bengtstorp_EarlyRoman (1); Denmark_Lygtebaek_EIA (1),N1 (1); I2 (1); R1 (1),—,Late Holocene (post-4.2ka) (8)
176,7,Americas,Americas (7),420,330,450,-54.6,-65.58,Argentina_TierradelFuego_400BP_Haush (4); Chile_CerroJohnny_400BP_Aonikenk (1); Argentina_NorthTierradelFuego_500BP_Selknam (1),Q1 (6); n/ (1),D1 (6); C (1),Late Holocene (post-4.2ka) (7)
